{
    "loss": 30.018310546875,
    "accuracy": 0.20000000298023224
}